"URL","Image URL","ASIN","Title","Brand","Fulfillment","Category","BSR","UPC","GTIN","EAN","ISBN","Subcategory","Subcategory BSR","Price","Price Trend (90 days) (%)","Parent Level Sales","ASIN Sales","Sales Trend (90 days) (%)","Parent Level Revenue","ASIN Revenue","Review Count","Reviews Rating","Seller","Seller Country/Region","Number of Active Sellers","Last Year Sales","Sales Year Over Year (%)","Size Tier","Length","Width","Height","Weight","Storage Fee (Jan - Sep)","Storage Fee (Oct - Dec)","Best Sales Period","Age (Month)","Number of Images","Variation Count","Sales to Reviews"
"https://amazon.com/dp/B0DP4R1RS7","https://m.media-amazon.com/images/I/41fvA+2CtTL._SX450_.jpg","B0DP4R1RS7","TOOLTOP T7 - Thermal Imaging Camera for Android Smartphones USB-C Portable Mini Thermal Imaging Camera 256 * 192 25Hz Type-C Thermal Imager Used with Mobile APP (T7 - with Micro Lens)","Generic","FBA","Industrial & Scientific",1714949,"N/A","N/A","N/A","N/A","Thermal Imagers",739,222.99,11,0,0,,"-","-",1,3,"Heegkqu Direct","China",1,1,"N/A","Large Standard-Size",4.53,3.15,2.17,0.44,15.55,42.89,"12/31/2024",16,8,2,0
"https://amazon.com/dp/B0CWD3YT1R","https://m.media-amazon.com/images/I/61L+9tgQmHL._SX450_.jpg","B0CWD3YT1R","Infrared thermal imaging camera 320 x 240, mini thermal imaging camera, thermometer measurement tool handheld 3.2-inch display (HT-A2)","GOYOJO","FBM","Industrial & Scientific",1727715,658361254305,"N/A",0658361254305,"N/A","Thermal Imagers",740,499,-75,1,0,,345.83,"-","N/A","N/A","HUITEN","China",2,0,"N/A","N/A","N/A","N/A","N/A","N/A","N/A","N/A","02/28/2025",25,5,2,"N/A"
"https://amazon.com/dp/B0CWCS7WF9","https://m.media-amazon.com/images/I/71Ply5S4f3L._SX450_.jpg","B0CWCS7WF9","Infrared thermal imaging camera 220 x 160, mini thermal imaging camera, thermometer measurement tool handheld 3.2-inch display (HT-A1)","GOYOJO","FBM","Industrial & Scientific",1727795,658361254299,"N/A",0658361254299,"N/A","Thermal Imagers",741,399,-70,1,1,,345.83,238.02,"N/A","N/A","HUITEN","China",2,0,"N/A","N/A","N/A","N/A","N/A","N/A","N/A","N/A","02/28/2025",25,9,2,"N/A"
"https://amazon.com/dp/B0DNSV3QT3","https://m.media-amazon.com/images/I/61ngkqzHu4L._SX450_.jpg","B0DNSV3QT3","High Resolution Infrared Thermal Imaging Camera For Android Phones, Thermal Imaging Camera, Type-C Mobile Phone Infrared Thermal Imager","CRIDENG","FBM","Industrial & Scientific",1731890,"N/A","N/A","N/A","N/A","Thermal Imagers",742,89.32,"N/A",0,0,,"-","-","N/A","N/A","Carewepet","China",1,0,"N/A","N/A","N/A","N/A","N/A","N/A","N/A","N/A","02/28/2025",16,5,0,"N/A"
"https://amazon.com/dp/B0DK38NNXJ","https://m.media-amazon.com/images/I/61hbDm6QB6L._SX450_.jpg","B0DK38NNXJ","XEAST Thermal Imaging Camera, 160 x 120 IR Resolution Handheld Infrared Camera 320 x 240 Thermal Imaging Gun, 2.8"" LCD Screen, 25Hz, -4°F to 1022°F, Thermal Imager with PC Analysis & Video Recording","XEAST","FBA","Industrial & Scientific",1733134,"N/A","N/A","N/A","N/A","Thermal Imagers",743,139.99,-36,0,0,,"-","-",2,2,"MAOTAI INSTRUMETNS","China",1,0,"N/A","Large Standard-Size",7.87,3.94,3.94,0.84,61.45,169.51,"02/28/2025",17,9,0,0.07
"https://amazon.com/dp/B0DQS8FDGT","https://m.media-amazon.com/images/I/51G20hKEncL._SX450_.jpg","B0DQS8FDGT","Infrared Thermal Imaging Camera,Temperature Measurement Tool Thermal Imager For Android Phones, High Resolution Thermal Imaging Device","Generic","FBM","Industrial & Scientific",1733997,"N/A","N/A","N/A","N/A","Thermal Imagers",744,87.99,-4,0,0,,"-","-","N/A","N/A","JShomeDZ","China",1,0,"N/A","N/A","N/A","N/A","N/A","N/A","N/A","N/A","02/28/2025",15,9,0,"N/A"
"https://amazon.com/dp/B08FRPVLKR","https://m.media-amazon.com/images/I/41ibqlPJ5XL._SX450_.jpg","B08FRPVLKR","RETYLY GM321 Handheld IR Thermal Imaging Camera Digital ColorDisplay Infrared Resolution Thermal Imager Camera","RETYLY","FBM","Industrial & Scientific",1747171,"N/A","N/A",4712766433355,"N/A","Thermal Imagers",749,15.94,-22,0,0,,"-","-","N/A","N/A","huizhoushilinfengkejiyouxiangongsi","China",1,0,"N/A","N/A","N/A","N/A","N/A","N/A","N/A","N/A","01/31/2025",51,7,0,"N/A"
"https://amazon.com/dp/B0C8CDR4NP","https://m.media-amazon.com/images/I/21GC1D22bUL._SX450_.jpg","B0C8CDR4NP","UNI-T UTi80P Mini Thermal Imager Pocket Infrared Thermal Imaging Compact Camera with Industrial Floor Temperature Detection","UNI-T","FBM","Industrial & Scientific",1747696,"N/A","N/A","N/A","N/A","Thermal Imagers",746,363.13,-32,0,0,,"-","-","N/A","N/A","Qiudantimes","United Kingdom of Great Britain and Northern Ireland",1,0,"N/A","Large Standard-Size",7.87,7.87,7.87,2.2,"N/A","N/A","01/31/2025",33,1,0,"N/A"
"https://amazon.com/dp/B0DSV92DPS","https://m.media-amazon.com/images/I/51ENicub5uL._SX450_.jpg","B0DSV92DPS","101020894, Camera Development Tools Grove - Thermal Imaging Camera - MLX90614 DCI IR Array with 5 FOV","Generic","FBM","Industrial & Scientific",1750087,"N/A","N/A","N/A","N/A","Thermal Imagers",749,144.99,-29,0,0,,"-","-","N/A","N/A","Neutron USA","USA",1,1,"N/A","N/A","N/A","N/A","N/A","N/A","N/A","N/A","01/31/2025",14,1,0,"N/A"
"https://amazon.com/dp/B0D5MGVWPW","https://m.media-amazon.com/images/I/61yTu4onDvL._SX450_.jpg","B0D5MGVWPW","KKnoon 32 * 24 Pixel Infrared Sensors Portable Thermal Imager Handheld 1.8inch TFT Display 160 * 128 Resolution Clear Definition Imaging Camera -40℃ to 300℃ Temperature Measurement Instrument","KKnoon","FBM","Industrial & Scientific",1750281,"N/A","N/A","N/A","N/A","Thermal Imagers",751,69.49,-25,0,0,,"-","-","N/A","N/A","Huanancord","China",1,0,"N/A","N/A","N/A","N/A","N/A","N/A","N/A","N/A","01/31/2025",22,9,0,"N/A"
"https://amazon.com/dp/B09CT1QL2D","https://m.media-amazon.com/images/I/51rIfoCkhrL._SX450_.jpg","B09CT1QL2D","MLX90641 IR Array Thermal Imaging Camera 16×12 Pixels 55° Field of View I2C Interface 3.3V/5V Compatible with Raspberry Pi (ESP32) STM32 @XYGStudy (MLX90641-D55 Thermal Camera)","XYGStudy","FBM","Industrial & Scientific",1754121,762917308258,"N/A",0762917308258,"N/A","Thermal Imagers",752,59.99,-39,0,0,,"-","-","N/A","N/A","XYGStudy","China",1,0,"N/A","N/A","N/A","N/A","N/A","N/A","N/A","N/A","01/31/2025",110,8,0,"N/A"
"https://amazon.com/dp/B098YM5TKF","https://m.media-amazon.com/images/I/51ZTO1SDhvL._SX450_.jpg","B098YM5TKF","UNI-T UTi120T Pocket-Sized Thermal Imager","UNI-T","FBA","Industrial & Scientific",1757701,"N/A","N/A",6935750512524,"N/A","Thermal Imagers",753,330.99,-15,0,0,,"-","-","N/A","N/A","J&Y Instrumentation Tools Store","China",2,3,"N/A","Large Standard-Size",8.07,4.88,2.56,0.46,50.76,140.04,"01/31/2025",55,1,0,"N/A"
"https://amazon.com/dp/B0BW3G87DX","https://m.media-amazon.com/images/I/61Xe51T9qLL._SX450_.jpg","B0BW3G87DX","Rechargeable Thermal Imaging Camera, 256*192 IR Resolution Infrared Camera 5 Megapixel Visual Camera, -20~150℃ HTI Thermal Imager with 3.5” Touch Screen, Wi-Fi, Distance Measure, 4 Image Modes, IP54","H HOLDPEAK","FBA","Industrial & Scientific",1761106,"N/A","N/A","N/A","N/A","Thermal Imagers",756,289.99,-9,0,0,,"-","-",1,5,"HOLDPEAK","China",1,2,"N/A","Large Standard-Size",3.19,5.55,10.55,2.2,94.04,259.42,"06/30/2024",37,8,0,0
"https://amazon.com/dp/B07Z46FJZ4","https://m.media-amazon.com/images/I/61WB-u1moXL._SX450_.jpg","B07Z46FJZ4","Vividia Thermal Inspection Camera for Auto Mechanics Technician Home Inspector (Thin Compact 3.2"" 256x192)","VIVIDIA","FBM","Industrial & Scientific",1766293,"N/A","N/A","N/A","N/A","Thermal Imagers",758,529.98,-13,0,0,,"-","-",1,5,"Oasis Scientific Inc.","USA",1,0,"N/A","N/A","N/A","N/A","N/A","N/A","N/A","N/A","01/31/2025",78,9,0,0
"https://amazon.com/dp/B0CHRZVPK2","https://m.media-amazon.com/images/I/5125Oaw8HJL._SX450_.jpg","B0CHRZVPK2","LeTkingok Digital Infrared Thermal Lightweight 2.8 Inch LCD Temperature Measurement Sensor USB Charging MLX90640","LeTkingok","FBM","Industrial & Scientific",1768118,"N/A","N/A","N/A","N/A","Thermal Imagers",759,97.99,-64,0,0,,"-","-","N/A","N/A","T-king","China",1,0,"N/A","N/A","N/A","N/A","N/A","N/A","N/A","N/A","12/31/2024",30,9,0,"N/A"
"https://amazon.com/dp/B09ZPF6MGC","https://m.media-amazon.com/images/I/614sLqhXw7L._SX450_.jpg","B09ZPF6MGC","Digipartspower AC Adapter Charger for Snap On Tools Diagnostic Thermal Imager Model EETH300 Infrared Scanner Power Supply Cord","Digipartspower","FBM","Industrial & Scientific",1774386,"N/A","N/A",9446381961706,"N/A","Thermal Imagers",761,14.55,-21,0,0,,"-","-",1,5,"Digipartspower","China",1,0,"N/A","N/A","N/A","N/A","N/A","N/A","N/A","N/A","-",46,4,0,0
"https://amazon.com/dp/B0CKPPH2PM","https://m.media-amazon.com/images/I/61InFJUaOrL._SX450_.jpg","B0CKPPH2PM","GuliTech Thermal Imager IR Camera NF-523 IR 320x240 Ultra Clear Industrial Infrared Thermal Imager,Ultra Clear Imaging Thermal Imaging Device Infrared Thermometer(NF-523)","GuliTech","FBM","Industrial & Scientific",1775018,"N/A","N/A","N/A","N/A","Thermal Imagers",762,579.99,-7,1,0,,271.04,"-","N/A","N/A","Gulitech","China",1,2,-60,"Large Standard-Size",8.66,5.91,6.3,3.31,"N/A","N/A","02/29/2024",29,7,7,"N/A"
"https://amazon.com/dp/B0CKPQMSRW","https://m.media-amazon.com/images/I/61I6ogKgAgL._SX450_.jpg","B0CKPQMSRW","GuliTech Thermal Imager IR Camera NF-522 200x150 Handheld Infrared Thermal Imager，Thermal Imaging Device Infrared Thermometer with Video Capture(NF-522)","GuliTech","FBM","Industrial & Scientific",1775018,"N/A","N/A","N/A","N/A","Thermal Imagers",762,398,-30,1,0,,271.04,"-","N/A","N/A","Gulitech","China",1,2,-60,"Large Standard-Size",8.66,5.91,6.3,3.31,"N/A","N/A","02/29/2024",29,8,7,"N/A"
"https://amazon.com/dp/B0CKPPX2FY","https://m.media-amazon.com/images/I/41a6xUMlxcL._SX450_.jpg","B0CKPPX2FY","GuliTech Thermal Imager IR Camera NF-586S 256 * 192 IR Resulution Compact Thermal Camera for Android Cellphones 25hz, HD Resolution, -15°C to 600°C, 6 Color Palette Effects(NF-586S)","GuliTech","FBM","Industrial & Scientific",1775018,"N/A","N/A","N/A","N/A","Thermal Imagers",762,361.64,-30,1,0,,271.04,"-","N/A","N/A","Gulitech","China",1,2,-60,"Large Standard-Size",8.66,5.91,6.3,3.31,"N/A","N/A","02/29/2024",29,7,7,"N/A"
"https://amazon.com/dp/B0CKPP7LJ1","https://m.media-amazon.com/images/I/51kCDdPtxiL._SX450_.jpg","B0CKPP7LJ1","GuliTech Thermal Imager IR Camera NF-586 Thermal Camera 256 * 192 IR Resulution Compact Thermal Camera for Android Cellphones 25hz, HD Resolution, -15°C to 600°C(NF-586)","GuliTech","FBM","Industrial & Scientific",1775074,"N/A","N/A","N/A","N/A","Thermal Imagers",762,361.64,-4,1,0,,271.04,"-","N/A","N/A","Gulitech","China",1,2,-60,"Large Standard-Size",8.66,5.91,6.3,3.31,"N/A","N/A","02/29/2024",29,8,7,"N/A"
"https://amazon.com/dp/B0CKPQ6RYR","https://m.media-amazon.com/images/I/41yBRAwSZ6L._SX450_.jpg","B0CKPQ6RYR","GuliTech Thermal Imager IR Camera NF-583S 160 * 120 IR Resolution Compact Thermal Camera for Android Cellphones 25hz, HD Resolution, -15°C to 600°C, 6 Color Palette Effects(NF-583S)","GuliTech","FBM","Industrial & Scientific",1775074,"N/A","N/A","N/A","N/A","Thermal Imagers",762,318.43,-4,1,0,,271.04,"-","N/A","N/A","Gulitech","China",1,2,-60,"Large Standard-Size",8.66,5.91,6.3,3.31,"N/A","N/A","02/29/2024",29,8,7,"N/A"
"https://amazon.com/dp/B0CKPP6CRB","https://m.media-amazon.com/images/I/418DIU64H5L._SX450_.jpg","B0CKPP6CRB","GuliTech Thermal Imager IR Camera NF-521S IR Thermal Camera Imager 120 * 90 Resolution Without delay Automatic Tracking 8GB Thermographic Camera(NF-521S)","GuliTech","FBM","Industrial & Scientific",1775089,"N/A","N/A","N/A","N/A","Thermal Imagers",762,252.47,-3,1,0,,271.04,"-","N/A","N/A","Gulitech","China",1,2,-60,"Large Standard-Size",8.66,5.91,6.3,3.31,"N/A","N/A","02/29/2024",29,8,7,"N/A"
"https://amazon.com/dp/B0CKPPRXKJ","https://m.media-amazon.com/images/I/51E-YsIhucL._SX450_.jpg","B0CKPPRXKJ","GuliTech Thermal Imager IR Camera NF-583 160 * 120 IR Compact Thermal Camera for Android Cellphones 25hz, HD Resolution, -15°C to 600°C, 6 Color Palette Effects(NF-583)","GuliTech","FBM","Industrial & Scientific",1775089,"N/A","N/A","N/A","N/A","Thermal Imagers",762,318.43,-5,1,0,,271.04,"-","N/A","N/A","Gulitech","China",1,2,-60,"Large Standard-Size",8.66,5.91,6.3,3.31,"N/A","N/A","02/29/2024",29,8,7,"N/A"
"https://amazon.com/dp/B0DQQ88K1P","https://m.media-amazon.com/images/I/51C-AGjsFYL._SX450_.jpg","B0DQQ88K1P","Mobile phone thermal imaging camera,Thermal Imaging Camera for Smart Phone, Infrared Thermal Imaging Camera IR Imager Infrared Thermal Imager For Android-Mobile Phone, -20～1000℃ Temperature Range","KUGGKKTP","FBM","Industrial & Scientific",1778463,685927379509,"N/A",0685927379509,"N/A","Thermal Imagers",763,123,-7,0,0,,"-","-","N/A","N/A","banmushangmao","China",1,0,"N/A","N/A","N/A","N/A","N/A","N/A","N/A","N/A","12/31/2024",15,8,0,"N/A"
"https://amazon.com/dp/B07QR764QH","https://m.media-amazon.com/images/I/511U5fLFinL._SX450_.jpg","B07QR764QH","Fluke - FLK-PTI120 9HZ PTi120 Pocket Thermal Imager","Fluke","FBA","Industrial & Scientific",1784842,095969906241,00095969906241,"N/A","N/A","Thermal Imagers",768,1149.99,"N/A",0,0,,"-","-",37,4.1,"WAON","Japan",1,0,"N/A","Large Standard-Size",2.64,5.71,8.74,1.14,66.26,182.79,"04/30/2024",83,8,0,0
"https://amazon.com/dp/B0CWH73SX7","https://m.media-amazon.com/images/I/61-DbsZKlNL._SX450_.jpg","B0CWH73SX7","LOCADENCE Handheld Thermal Imager, Infrared Thermal Imaging Camera for Power Equipment Troubleshooting, Underfloor Heating Leakage Detection, Mechanical Equipment Maintenance","Locadence","FBM","Industrial & Scientific",1786006,"N/A","N/A","N/A","N/A","Thermal Imagers",766,142.49,-43,0,0,,"-","-","N/A","N/A","Jiahengmaoyi","China",1,0,"N/A","Large Standard-Size",7.87,3.94,3.15,0.78,"N/A","N/A","11/30/2024",25,9,0,"N/A"
"https://amazon.com/dp/B0CQY3988S","https://m.media-amazon.com/images/I/51NDPh4ALQL._SX450_.jpg","B0CQY3988S","J-ZMQER AC Adapter Charger Compatible with Fluke Ti105 Ti110 Ti125 Thermal Imagers Camera IR Imager","J-ZMQER","FBM","Industrial & Scientific",1798135,"N/A","N/A","N/A","N/A","Thermal Imagers",768,22.99,-34,0,0,,"-","-","N/A","N/A","J-ZMQER","China",1,0,"N/A","N/A","N/A","N/A","N/A","N/A","N/A","N/A","11/30/2024",27,5,0,"N/A"
"https://amazon.com/dp/B0C8PH1XD8","https://m.media-amazon.com/images/I/41+KxUxDoFL._SX450_.jpg","B0C8PH1XD8","UTi85A -15℃~550℃ Digital Industry Infrared Thermal Imager Real-time Imaging Transmission Thermal Imager Camera","Wnew","FBM","Industrial & Scientific",1803510,769902873227,"N/A",0769902873227,"N/A","Thermal Imagers",769,301.75,70,0,0,,"-","-","N/A","N/A","123Dengjiale","China",3,0,"N/A","Large Standard-Size",4.72,3.15,1.97,2.36,"N/A","N/A","-",33,6,0,"N/A"
"https://amazon.com/dp/B098YH7F8W","https://m.media-amazon.com/images/I/51HQ8gXNUsL._SX450_.jpg","B098YH7F8W","UNI-T Unit Thermal Imager UTi165A Temperature Thermal Imaging Camera Industry Temperature Tester","UNI-T","FBM","Industrial & Scientific",1809823,"N/A","N/A",6935750516508,"N/A","Thermal Imagers",771,339,-12,0,0,,"-","-","N/A","N/A","Yuqiao--Store","Hong Kong",1,0,"N/A","Large Standard-Size",9.29,2.97,3.39,2.01,"N/A","N/A","10/31/2024",48,1,0,"N/A"
"https://amazon.com/dp/B0CNS3J15H","https://m.media-amazon.com/images/I/514gnQJ2JuL._SX450_.jpg","B0CNS3J15H","NF-521 Thermal Imaging Camera Usb 2.4 Inch Screen High-Definition HD Thermal Imager Handheld Temperature Imaging Camera","Wnew","FBM","Industrial & Scientific",1810734,769902967377,"N/A",0769902967377,"N/A","Thermal Imagers",773,268.99,-21,0,0,,"-","-","N/A","N/A","123Dengjiale","China",2,0,"N/A","Large Standard-Size",8.66,3.15,5.91,1.68,"N/A","N/A","10/31/2024",28,9,0,"N/A"
"https://amazon.com/dp/B0DBZPK962","https://m.media-amazon.com/images/I/61-L86sW4SL._SX450_.jpg","B0DBZPK962","Qsvbeeqj Low Light GC0308 Camera Module Board 648x488 0.3MP Fixed Focus NightVisions Thermal Imaging Plug and Use","Qsvbeeqj","FBM","Industrial & Scientific",1811917,"N/A","N/A",7635771826332,"N/A","Thermal Imagers",773,8.43,-42,0,0,,"-","-",1,1,"GuangZhouRunFengDaJiaJuYouXianGongSi","China",1,0,"N/A","N/A","N/A","N/A","N/A","N/A","N/A","N/A","10/31/2024",19,9,0,0
"https://amazon.com/dp/B0CH4QR2JD","https://m.media-amazon.com/images/I/61lllvp2fpL._SX450_.jpg","B0CH4QR2JD","HT-102 Cell Phone Thermal Camera, 32x32 IR Resolution, ±3°C Accuracy, Android Compatibility, Real-Time Monitoring Temperature Measurement Tool for Electrical, HVAC and Building Diagnostics","GOYOJO","FBM","Industrial & Scientific",1827954,658361238206,"N/A",0658361238206,"N/A","Thermal Imagers",778,196,-78,0,0,,"-","-","N/A","N/A","Elite Meter","China",3,1,"N/A","N/A","N/A","N/A","N/A","N/A","N/A","N/A","11/30/2024",30,5,0,"N/A"
"https://amazon.com/dp/B0865JGZSF","https://m.media-amazon.com/images/I/41TujqJy0EL._SX450_.jpg","B0865JGZSF","Thermal Imaging Camera 60x60 Infrared Thermal Imager 3600 Pixel Temperature Emissivity Tester Heat Detection for Medical, Industrial, Agricultural, Automotive use","JDH Labs Tech","FBM","Industrial & Scientific",1835035,"N/A","N/A",4953903150449,"N/A","Thermal Imagers",776,375,-46,0,0,,"-","-","N/A","N/A","JDH Labstech com","Hong Kong",1,0,"N/A","N/A","N/A","N/A","N/A","N/A","N/A","N/A","-",72,9,0,"N/A"
"https://amazon.com/dp/B0CRMC9J5K","https://m.media-amazon.com/images/I/61+261Uk4GL._SX450_.jpg","B0CRMC9J5K","REED Instruments R2165-NIST Thermal Imaging Camera, 160 x 120,","REED Instruments","FBM","Industrial & Scientific",1840425,800837006837,"N/A",0800837006837,"N/A","Thermal Imagers",781,959,-11,0,0,,"-","-","N/A","N/A","GLOBAL TEST SUPPLY","USA",3,0,"N/A","Large Standard-Size",3,3.4,9.3,1,"N/A","N/A","-",26,5,0,"N/A"
"https://amazon.com/dp/B0D2TYS2NS","https://m.media-amazon.com/images/I/51dANkLXCfL._SX450_.jpg","B0D2TYS2NS","ONEUNG 2.4"""" Digital Infrared Thermal Imager Thermal Imaging Camera Thermometer Handheld","ONEUNG","FBM","Industrial & Scientific",1887541,630131438337,"N/A",0630131438337,"N/A","Thermal Imagers",789,119.98,-9,0,0,,"-","-","N/A","N/A","Cexohao Store","N/A",2,0,"N/A","N/A","N/A","N/A","N/A","N/A","N/A","N/A","07/31/2024",23,3,0,"N/A"
"https://amazon.com/dp/B0BHTR9F9C","https://m.media-amazon.com/images/I/51EgrvxzdlL._SX450_.jpg","B0BHTR9F9C","USB Camera Module, 1280x720 Infrared Night Viewing Light 30fps Camera Module for WIN7","Worem","FBM","Industrial & Scientific",1900576,"N/A","N/A",7408188546533,"N/A","Thermal Imagers",792,19.87,-22,0,0,,"-","-","N/A","N/A","Yixvtn-US","China",1,1,"N/A","N/A","N/A","N/A","N/A","N/A","N/A","N/A","02/28/2025",18,7,0,"N/A"
"https://amazon.com/dp/B0D3CX8H8L","https://m.media-amazon.com/images/I/51+REgWyKfL._SX450_.jpg","B0D3CX8H8L","ONEUNG Infrared Thermal Imaging Camera IR Imager Fit for USB-Type-C And Roid Mobile Phone","ONEUNG","FBM","Industrial & Scientific",1906822,638337456568,"N/A",0638337456568,"N/A","Thermal Imagers",795,149.97,-41,0,0,,"-","-","N/A","N/A","ONEUNG'S STORE","China",1,2,"N/A","N/A","N/A","N/A","N/A","N/A","N/A","N/A","02/28/2025",23,6,0,"N/A"
"https://amazon.com/dp/B099R54PN1","https://m.media-amazon.com/images/I/41LhaU-BU9S._SX450_.jpg","B099R54PN1","HWMATE 180 Degrees Adjustable Infrared Ray Human Motion Sensor White 15/32″Aperture","HWMATE","FBM","Industrial & Scientific",1910137,"N/A","N/A","N/A","N/A","Thermal Imagers",796,13.33,"N/A",0,0,-33,"-","-",1,5,"MATTE-Security","China",1,2,"N/A","N/A","N/A","N/A","N/A","N/A","N/A","N/A","12/31/2025",56,2,4,0
"https://amazon.com/dp/B0BTXF2CN2","https://m.media-amazon.com/images/I/61udxE+1OfL._SX450_.jpg","B0BTXF2CN2","Jantoy AC Adapter Charger Compatible with EXTECH FLIR i3 i5 i7 Thermal Imaging Infrared Camera PSU","Jantoy","FBM","Industrial & Scientific",1911308,"N/A","N/A","N/A","N/A","Thermal Imagers",797,13.95,-4,0,0,,"-","-","N/A","N/A","XKKOVF","China",1,0,"N/A","N/A","N/A","N/A","N/A","N/A","N/A","N/A","-",37,5,0,"N/A"
"https://amazon.com/dp/B0CDRWVQ4J","https://m.media-amazon.com/images/I/51e4li5tr-L._SX450_.jpg","B0CDRWVQ4J","UNI-T Uni-Trend IR Camera UTI720A Thermal Imaging Camera Real-Time Image Transmission HD 256X192 Pixels Thermal Imaging Camera IP65 Protection Level(UTi720A)","UNI-T","FBM","Industrial & Scientific",1912634,"N/A","N/A","N/A","N/A","Thermal Imagers",799,379.77,-7,0,0,,"-","-",1,1,"Yuqiao--Store","Hong Kong",1,0,"N/A","Large Standard-Size",7.87,4.72,5.12,2.2,"N/A","N/A","08/31/2024",31,6,0,0
"https://amazon.com/dp/B0D2XQQJNN","https://m.media-amazon.com/images/I/41-pkS5Kf7L._SX450_.jpg","B0D2XQQJNN","TUOPUONE Long-Wave IR Thermal Imaging Camera Module, Type-C Port, RPi IR Camera, 80×62 Pixels, Basic Version (45° FOV) (Thermal USB Camera)","TUOPUONE","FBM","Industrial & Scientific",1934032,"N/A","N/A","N/A","N/A","Thermal Imagers",802,134.39,-2,0,0,,"-","-","N/A","N/A","TUOPUONE US","China",1,0,"N/A","N/A","N/A","N/A","N/A","N/A","N/A","N/A","-",23,9,0,"N/A"
"https://amazon.com/dp/B0BZLGQ74B","https://m.media-amazon.com/images/I/51jmqRyeSQL._SX450_.jpg","B0BZLGQ74B","YuqiaoTime HT-A2 Infrared Imager Mini Pocket-Size Thermal Imaging Camera,IR 320 * 240 3.2"" Full Angle TFT Display Screen -20℃to 300℃(-4℉ to 572℉) Micro USB2.0","YuqiaoTime","FBM","Industrial & Scientific",1936132,"N/A","N/A","N/A","N/A","Thermal Imagers",803,497.08,-6,0,0,,"-","-","N/A","N/A","Yuqiao--Store","Hong Kong",1,0,"N/A","Large Standard-Size",3.94,3.15,3.94,1.1,"N/A","N/A","-",36,6,0,"N/A"
"https://amazon.com/dp/B0D2XQ9VC3","https://m.media-amazon.com/images/I/514V4a8qnDL._SX450_.jpg","B0D2XQ9VC3","Long-Wave IR Thermal Imaging Camera Module, 40PIN GPIO Header, RPi IR Camera, 80×62 Pixels, Wide Angle Version (90° FOV) (Thermal-90 Camera HAT)","TUOPUONE","FBM","Industrial & Scientific",1946256,"N/A","N/A","N/A","N/A","Thermal Imagers",805,143.99,-15,0,0,,"-","-","N/A","N/A","TUOPUONE US","China",1,0,"N/A","N/A","N/A","N/A","N/A","N/A","N/A","N/A","-",23,9,0,"N/A"
"https://amazon.com/dp/B088WN27CF","https://m.media-amazon.com/images/I/61yZ19FUTHL._SX450_.jpg","B088WN27CF","UNI-T UTi85H+ IR Infrared Thermal Imager Accuracy ±0.5˚C Handheld Temperature Measurement 30-45 Centigrade Sound Alarm Thermal Imaging Camera","UNI-T","FBM","Industrial & Scientific",1958598,"N/A","N/A",6935750585009,"N/A","Thermal Imagers",808,460,-13,0,0,,"-","-","N/A","N/A","Oasis Scientific Inc.","USA",1,0,"N/A","Large Standard-Size",9.29,2.97,3.39,1.1,"N/A","N/A","03/31/2024",70,5,0,"N/A"
"https://amazon.com/dp/B0D4TMR3V7","https://m.media-amazon.com/images/I/41dFfDVd6rL._SX450_.jpg","B0D4TMR3V7","UNI-T Handheld Infrared Thermal Imaging Camera, Heat IR Camera Thermal Imager Scanner for Home Inspection 160X120 High Resolution PC Analysis 28GB Built-in Storage -68°F~1022°F UTi160S","UNI-T","FBM","Industrial & Scientific",1967280,"N/A","N/A","N/A","N/A","Thermal Imagers",810,297.59,-59,1,1,,249.25,249.21,2,5,"Xin Tester Tools Factory Store","China",1,1,"N/A","N/A","N/A","N/A","N/A","N/A","N/A","N/A","01/31/2026",22,8,4,0.42
"https://amazon.com/dp/B0C8G8CHDY","https://m.media-amazon.com/images/I/41kGp8SgTQL._SX450_.jpg","B0C8G8CHDY","Sabuly 3.7V High-Performance Replacement Battery for Reed R2050 R2050 Thermal Imaging Camera with /3400mAh","Sabuly","FBM","Industrial & Scientific",1981020,"N/A","N/A","N/A","N/A","Thermal Imagers",813,22.38,-16,0,0,,"-","-","N/A","N/A","Sabuly","China",1,0,"N/A","Small Standard-Size",2.7,0.73,0.65,0.22,"N/A","N/A","-",33,5,0,"N/A"
"https://amazon.com/dp/B0CX5BRMXW","https://m.media-amazon.com/images/I/61EmGq8jBML._SX450_.jpg","B0CX5BRMXW","Mulcort Portable Mobile Phone Thermal Imager -20℃ to 1000℃ Mini Thermal Imaging Camera Center Temperature Measurement 5 Color Palette Modes Chinese and English Language Switchable","Mulcort","FBM","Industrial & Scientific",1983428,"N/A","N/A","N/A","N/A","Thermal Imagers",814,86.6,-18,0,0,,"-","-",1,3,"MENGLICHANG","China",1,0,"N/A","Large Standard-Size",3.43,3.39,1.18,0.08,"N/A","N/A","04/30/2024",24,7,0,0
"https://amazon.com/dp/B07S5KWGW9","https://m.media-amazon.com/images/I/51eYnjghgxL._SX450_.jpg","B07S5KWGW9","AC Adapter for Fluke Ti400 Thermal Infrared Camera DC Power Charger Cord Cable, 5 Feet, with LED Indicator","POWE-Tech","FBM","Industrial & Scientific",1987321,639196544847,"N/A",0639196544847,"N/A","Thermal Imagers",815,75.99,-10,0,0,,"-","-","N/A","N/A","GreatPowerDirect","China",1,0,"N/A","N/A","N/A","N/A","N/A","N/A","N/A","N/A","-",85,2,0,"N/A"
"https://amazon.com/dp/B009NY0D2Y","https://m.media-amazon.com/images/I/61RCVJPWKVL._SX450_.jpg","B009NY0D2Y","Testo 0554 8805 Lens Protection Glass for Thermal Imager","Testo","Amazon","Industrial & Scientific",1997170,"N/A","N/A",4029547009105,"N/A","Thermal Imagers",819,92.25,-43,0,0,,"-","-",1,3,"Amazon","N/A",1,0,"N/A","Large Standard-Size",4.02,5.16,7.83,0.32,"N/A","N/A","02/29/2024",161,2,0,0
"https://amazon.com/dp/B0BY31ZCPZ","https://m.media-amazon.com/images/I/51yThlySK8L._SX450_.jpg","B0BY31ZCPZ","UTi740H Professional Improved Thermal Imaging Camera with IR Resolution 384 x 288 Pixels, FOV 28° x 21°, NETD ≤60mK, IFOV 1.3 mrad, 4.3 inch IPS Display","UNI-T","FBM","Industrial & Scientific",2011085,"N/A","N/A",6935750570234,"N/A","Thermal Imagers",822,2099,-11,0,0,,"-","-","N/A","N/A","UNI-T US","USA",1,0,"N/A","N/A","N/A","N/A","N/A","N/A","N/A","N/A","-",29,4,0,"N/A"
"https://amazon.com/dp/B0CVX5R4KK","https://m.media-amazon.com/images/I/61dlsNcpUrL._SX450_.jpg","B0CVX5R4KK","XMHEIRD AC Adapter Charger for Fluke Ti105 Ti110 Ti125 Thermal Imagers Camera IR Imager","XMHEIRD","FBM","Industrial & Scientific",2020552,"N/A","N/A",6489920766717,"N/A","Thermal Imagers",823,25.98,-12,0,0,,"-","-",1,5,"lixinziyanmaoyi","China",1,1,"N/A","Small Standard-Size",4,2,0.5,0.19,"N/A","N/A","03/31/2025",25,6,0,0